Data,Czas,Side,BaseToken,BaseAddress,QuoteToken,QuoteAddress,BaseAmount,QuoteAmount,BaseUSD,QuoteUSD,Price,Trader,TxHash
2026-08-26,2026-08-26T23:59:59Z,Buy,,,SOL,,3246864.2,9.749865,990.9421,994.7248,3.0028557e-06,,
2026-08-26,2026-08-26T23:59:59Z,Sell,,,SOL,,109558.39,0.62283283,63.4178,63.544193,5.6849394e-06,,
2026-08-26,2026-08-26T23:59:59Z,Buy,,,SOL,,109558.66,0.6125042,62.393337,62.490417,5.5906507e-06,,
2026-08-26,2026-08-26T23:59:59Z,Sell,,,SOL,,3008850.5,0.44944724,46.467598,45.85562,1.4937507e-07,,
2026-08-26,2026-08-26T23:59:59Z,Sell,,,SOL,,502273.1,0.91550636,93.87994,93.40364,1.8227263e-06,,
2026-08-26,2026-08-26T23:59:59Z,Buy,,,SOL,,502273.1,0.8915472,93.69375,90.95923,1.7750248e-06,,
2026-08-26,2026-08-26T23:59:59Z,Sell,,,SOL,,9761427,1.3582169,135.24066,138.57439,1.3914122e-07,,
2026-08-26,2026-08-26T23:59:59Z,Sell,,,SOL,,30178742,6.1717196,631.3247,629.66364,2.0450553e-07,,
2026-08-26,2026-08-26T23:59:59Z,Buy,,,SOL,,49.735638,0.000454697,0.0462009,0.046391238,9.142277e-06,,
2026-08-26,2026-08-26T23:59:59Z,Sell,,,SOL,,55992.22,0.10150338,10.445245,10.3557825,1.8128122e-06,,
2026-08-26,2026-08-26T23:59:59Z,Buy,,,SOL,,1160404.1,1.9762629,204.52454,201.62628,1.7030816e-06,,
2026-08-26,2026-08-26T23:59:59Z,Buy,,,SOL,,256.32724,0.000354858,0.039093185,0.03620499,1.3843944e-06,,
2026-08-26,2026-08-26T23:59:59Z,Sell,,,SOL,,256.32724,0.00036231,0.03855261,0.036965296,1.4134666e-06,,
2026-08-26,2026-08-26T23:59:59Z,Sell,,,SOL,,683154.56,0.51563215,52.169746,52.606865,7.547811e-07,,
2026-08-26,2026-08-26T23:59:59Z,Buy,,,SOL,,42914710,8.810896,897.75507,898.923,2.0531178e-07,,
2026-08-26,2026-08-26T23:59:59Z,Sell,,,SOL,,151005580,10.138278,1037.3702,1034.3479,6.713843e-08,,
2026-08-26,2026-08-26T23:59:59Z,Buy,,,SOL,,2305371,0.39834931,40.83403,40.641197,1.7279184e-07,,
2026-08-26,2026-08-26T23:59:59Z,Sell,,,SOL,,16534553,9.811049,999.95764,1000.9627,5.9336645e-07,,
2026-08-26,2026-08-26T23:59:59Z,Buy,,,SOL,,255.21785,4.4243e-05,0.0045249984,0.0045138686,1.7335385e-07,,
2026-08-26,2026-08-26T23:59:59Z,Sell,,,SOL,,2896073.8,5.190571,540.23206,529.56287,1.7922786e-06,,
